Island,DnaAdmixture
Alor,0.317684462
Bali,0.851326872
Born,0.476203485
Chin,0.005042577
Flor,0.936336122
Halm,0.958263946
Java,0.844289987
Mala,0.820713948
Papu,0.212096746
Phil,0.549701981
Sula,0.504031794
Suma,0.366214432
Sumb,0.758633093
Taiw,0.841479376
Timo,0.021384976
Viet,0.509518386

