Island,DnaAdmixture
Alor,0.25865412
Bali,0.79982233
Born,0.34357646
Chin,0.52190477
Flor,0.31570098
Halm,0.75007769
Java,0.64496674
Mala,0.44701002
Papu,0.90539161
Phil,0.43314165
Sula,0.66608556
Suma,0.80498764
Sumb,0.06380023
Taiw,0.32356348
Timo,0.02063528
Viet,0.62702012

